Model,Accuracy,Precision,Recall,F1,ROC-AUC
rf,0.9427573493742117,0.9560282393037551,0.9542858878561449,0.9551562690015809,0.989490334093476
xgb,0.9383137673425828,0.9525026624068158,0.9508535325921876,0.9516773830696034,0.9892940490444434
