model,accuracy,precision,recall,f1,roc_auc
rf,0.3609225646458884,0.0,0.0,0.0,0.5
xgb,0.3609225646458884,0.0,0.0,0.0,0.5
ensemble,0.3609225646458884,0.0,0.0,0.0,0.5
